Data Set,cMax,TFT,Func Calls,Execution Time (ms),Sequence
0,32,111,14,0.045617,[3-5-1-2-4]
1,1525,16558,209,0.609448,[3-17-9-11-15-14-8-16-19-1-2-6-13-4-10-5-18-7-20-12]
